{
  "project_info": {
    "project_number": "852349722101",
    "project_id": "dam-cochetec",
    "storage_bucket": "dam-cochetec.appspot.com"
  },
  "client": [
    {
      "client_info": {
        "mobilesdk_app_id": "1:852349722101:android:dd2392f6d4b5004bcad4bc",
        "android_client_info": {
          "package_name": "mx.edu.ittepic.dam_u4_proyecto1_19400608"
        }
      },
      "oauth_client": [
        {
          "client_id": "852349722101-bql9sbbjalqlao2jumq6i07a1pr1juce.apps.googleusercontent.com",
          "client_type": 3
        }
      ],
      "api_key": [
        {
          "current_key": "AIzaSyAAAwI70i_-WIgZiV8BxW6UXDIaEEmn9RY"
        }
      ],
      "services": {
        "appinvite_service": {
          "other_platform_oauth_client": [
            {
              "client_id": "852349722101-bql9sbbjalqlao2jumq6i07a1pr1juce.apps.googleusercontent.com",
              "client_type": 3
            }
          ]
        }
      }
    }
  ],
  "configuration_version": "1"
}